full_name,contributors_count
kubewarden/kubewarden-controller,20
freepik-company/admitik,1
jparrill/safe-naming-policy,1
rancher/kubewarden-ui,16
SUSE-Rancher-Community/CNCF-kubewarden-webinar,1
Martin-Weiss/rancher-fleet,1
ginoh/sandbox,1
portefaix/portefaix-hub,16
vfarcic/kubewarden-demo,1
kubewarden/helm-charts,23
fabriziosestito/kw-policy-zig,1
bgulla/fleet-iac,2
SUSE/razor-crest-eks-cluster,1
kalug/k8s-demo,1
viccuad/rego-policies,1
dariuszbolkowski/ezdrp_process,2
kubewarden/kubewarden-end-to-end-tests,13
hugginsio/homelab,4
atoy3731/kubewarden-fleet,2
fminna/LLM-Helm-Fix,1
atoy3731/istio-demo-app,2
atoy3731/aws-howdypartner-demo,2
kamano905/kubewarden-executable-tutorial,2
portefaix/portefaix-policies,4
raulcabello/kubewarden-fleet,1
jordojordo/kubewarden-pkg,1
hierynomus/lab-setup,3
raesene/admission_controllers,1
noetarbouriech/k8s-clam,3
moio/terraform-kubewarden,1
codacy-open-source-projects-scans/kubewarden-controller,2
vfarcic/cncf-demo,6
kubewarden/kubewarden.io,19
divya-mohan0209/kubewarden-webinar,1
appvia/psp-migration,8
